<?xml version="1.0" encoding="utf-8" standalone="yes"?>
<Ethercat>
	<Ignore>
		<Device ProductDescription="EK1100"/>
		<Device ProductDescription="EK1122"/>
		<Device ProductDescription="EL6900"/>
		<Device ProductDescription="EL6910"/>
		<Device ProductDescription="EL6631"/>
		<Device ProductDescription="CPX-FB37"/>
	</Ignore>
	<Device ProductDescription="EL1008">
		<Mapping>
<![CDATA[
//$NAME$ [$TYPE$]
	$GVLINSTANCE$.bIn1	:= FALSE;	//
	$GVLINSTANCE$.bIn2	:= FALSE;	//
	$GVLINSTANCE$.bIn3	:= FALSE;	//
	$GVLINSTANCE$.bIn4	:= FALSE;	//
	$GVLINSTANCE$.bIn5	:= FALSE;	//
	$GVLINSTANCE$.bIn6	:= FALSE;	//
	$GVLINSTANCE$.bIn7	:= FALSE;	//
	$GVLINSTANCE$.bIn8	:= FALSE;	//	
]]>		
		</Mapping>
		<Declaration>
<![CDATA[{attribute 'TcLinkTo' := '
.bIn1 := TIIB($BOXNO$)^Channel 1^Input;
.bIn2 := TIIB($BOXNO$)^Channel 2^Input;
.bIn3 := TIIB($BOXNO$)^Channel 3^Input;
.bIn4 := TIIB($BOXNO$)^Channel 4^Input;
.bIn5 := TIIB($BOXNO$)^Channel 5^Input;
.bIn6 := TIIB($BOXNO$)^Channel 6^Input;
.bIn7 := TIIB($BOXNO$)^Channel 7^Input;
.bIn8 := TIIB($BOXNO$)^Channel 8^Input'}
$NAME$ : ST_Ethercat_8DI;]]>
		</Declaration>
	</Device>
	<Device ProductDescription="EL1904">
		<Mapping>
<![CDATA[
//$NAME$ [$TYPE$]
	$GVLINSTANCE$.bIn1	:= FALSE;	//
	$GVLINSTANCE$.bIn2	:= FALSE;	//
	$GVLINSTANCE$.bIn3	:= FALSE;	//
	$GVLINSTANCE$.bIn4	:= FALSE;	//	
]]>		
		</Mapping>
		<Declaration>
<![CDATA[{attribute 'TcLinkTo' := '
.RxPDO := TIIB($BOXNO$)^RxPDO^FSOE;
.TxPDO := TIIB($BOXNO$)^TxPDO^FSOE'}
$NAME$ : FB_EL1904;]]>
		</Declaration>
	</Device>
	<Device ProductDescription="EL1918">
		<Mapping>
<![CDATA[
//$NAME$ [$TYPE$]
	$GVLINSTANCE$.bIn1	:= FALSE;	//
	$GVLINSTANCE$.bIn2	:= FALSE;	//
	$GVLINSTANCE$.bIn3	:= FALSE;	//
	$GVLINSTANCE$.bIn4	:= FALSE;	//
	$GVLINSTANCE$.bIn5	:= FALSE;	//
	$GVLINSTANCE$.bIn6	:= FALSE;	//
	$GVLINSTANCE$.bIn7	:= FALSE;	//
	$GVLINSTANCE$.bIn8	:= FALSE;	//	
]]>		
		</Mapping>
		<Declaration>
<![CDATA[{attribute 'TcLinkTo' := '
.RxPDO := TIIB($BOXNO$)^FSoE Outputs^FSOE;
.TxPDO := TIIB($BOXNO$)^FSoE Inputs^FSOE'}
$NAME$ : FB_EL1918;]]>
		</Declaration>
	</Device>
	<Device ProductDescription="EJ1918">
		<Mapping>
<![CDATA[
//$NAME$ [$TYPE$]
	$GVLINSTANCE$.bIn1	:= FALSE;	//
	$GVLINSTANCE$.bIn2	:= FALSE;	//
	$GVLINSTANCE$.bIn3	:= FALSE;	//
	$GVLINSTANCE$.bIn4	:= FALSE;	//
]]>		
		</Mapping>
		<Declaration>
<![CDATA[{attribute 'TcLinkTo' := '
.RxPDO := TIIB($BOXNO$)^RxPDO^FSOE;
.TxPDO := TIIB($BOXNO$)^TxPDO^FSOE'}
$NAME$ : FB_EJ1918;]]>
		</Declaration>
	</Device>
	<Device ProductDescription="EL2008">
		<Mapping>
<![CDATA[
//$NAME$ [$TYPE$]
	bDummy	:= $GVLINSTANCE$.bOut1;	//
	bDummy	:= $GVLINSTANCE$.bOut2;	//
	bDummy	:= $GVLINSTANCE$.bOut3;	//
	bDummy	:= $GVLINSTANCE$.bOut4;	//
	bDummy	:= $GVLINSTANCE$.bOut5;	//
	bDummy	:= $GVLINSTANCE$.bOut6;	//
	bDummy	:= $GVLINSTANCE$.bOut7;	//
	bDummy	:= $GVLINSTANCE$.bOut8;	//	
]]>		
		</Mapping>
		<Declaration>
<![CDATA[{attribute 'TcLinkTo' := '
.bOut1 := TIIB($BOXNO$)^Channel 1^Output;
.bOut2 := TIIB($BOXNO$)^Channel 2^Output;
.bOut3 := TIIB($BOXNO$)^Channel 3^Output;
.bOut4 := TIIB($BOXNO$)^Channel 4^Output;
.bOut5 := TIIB($BOXNO$)^Channel 5^Output;
.bOut6 := TIIB($BOXNO$)^Channel 6^Output;
.bOut7 := TIIB($BOXNO$)^Channel 7^Output;
.bOut8 := TIIB($BOXNO$)^Channel 8^Output'}
$NAME$ : ST_Ethercat_8DO;]]>
		</Declaration>
	</Device>
	<Device ProductDescription="EL2904">
		<Mapping>
<![CDATA[
//$NAME$ [$TYPE$]
	bDummy	:= $GVLINSTANCE$.bOut1;	//
	bDummy	:= $GVLINSTANCE$.bOut2;	//
	bDummy	:= $GVLINSTANCE$.bOut3;	//
	bDummy	:= $GVLINSTANCE$.bOut4;	//
]]>		
		</Mapping>
		<Declaration>
<![CDATA[{attribute 'TcLinkTo' := '
.RxPDO := TIIB($BOXNO$)^RxPDO^FSOE;
.TxPDO := TIIB($BOXNO$)^TxPDO^FSOE'}
$NAME$ : FB_EL2904;]]>
		</Declaration>
	</Device>	
	<Device ProductDescription="EL3054">
		<Mapping>
<![CDATA[
//$NAME$ [$TYPE$]
	$GVLINSTANCE$.nAnalogIn1	:= 0;	//
	$GVLINSTANCE$.nAnalogIn2	:= 0;	//
	$GVLINSTANCE$.nAnalogIn3	:= 0;	//
	$GVLINSTANCE$.nAnalogIn4	:= 0;	//	
]]>		
		</Mapping>
		<Declaration>
<![CDATA[{attribute 'TcLinkTo' := '
.nStatus1 := TIIB($BOXNO$)^AI Standard Channel 1^Status;
.nValue1 := TIIB($BOXNO$)^AI Standard Channel 1^Value;
.nStatus2 := TIIB($BOXNO$)^AI Standard Channel 2^Status;
.nValue2 := TIIB($BOXNO$)^AI Standard Channel 2^Value;
.nStatus3 := TIIB($BOXNO$)^AI Standard Channel 3^Status;
.nValue3 := TIIB($BOXNO$)^AI Standard Channel 3^Value;
.nStatus4 := TIIB($BOXNO$)^AI Standard Channel 4^Status;
.nValue4 := TIIB($BOXNO$)^AI Standard Channel 4^Value'}
$NAME$ : FB_Ethercat_4AI;]]>
		</Declaration>
	</Device>
	<Device ProductDescription="EP3314">
		<Mapping>
<![CDATA[
//$NAME$ [$TYPE$]
	$GVLINSTANCE$.nAnalogIn1	:= 0;	//
	$GVLINSTANCE$.nAnalogIn2	:= 0;	//
	$GVLINSTANCE$.nAnalogIn3	:= 0;	//
	$GVLINSTANCE$.nAnalogIn4	:= 0;	//	
]]>		
		</Mapping>
		<Declaration>
<![CDATA[{attribute 'TcLinkTo' := '
.nStatus1 := TIIB($BOXNO$)^TC Inputs Channel 1^Status;
.nValue1 := TIIB($BOXNO$)^TC Inputs Channel 1^Value;
.nStatus2 := TIIB($BOXNO$)^TC Inputs Channel 2^Status;
.nValue2 := TIIB($BOXNO$)^TC Inputs Channel 2^Value;
.nStatus3 := TIIB($BOXNO$)^TC Inputs Channel 3^Status;
.nValue3 := TIIB($BOXNO$)^TC Inputs Channel 3^Value;
.nStatus4 := TIIB($BOXNO$)^TC Inputs Channel 4^Status;
.nValue4 := TIIB($BOXNO$)^TC Inputs Channel 4^Value'}
$NAME$ : FB_Ethercat_4AI;]]>
		</Declaration>
	</Device>	
	<Device ProductDescription="EL3202">
		<Mapping>
<![CDATA[
//$NAME$ [$TYPE$]
	$GVLINSTANCE$.nAnalogIn1	:= 0;	//
	$GVLINSTANCE$.nAnalogIn2	:= 0;	//
]]>		
		</Mapping>
		<Declaration>
<![CDATA[{attribute 'TcLinkTo' := '
.nStatus1 := TIIB($BOXNO$)^RTD Inputs Channel 1^Status;
.nValue1 := TIIB($BOXNO$)^RTD Inputs Channel 1^Value;
.nStatus2 := TIIB($BOXNO$)^RTD Inputs Channel 2^Status;
.nValue2 := TIIB($BOXNO$)^RTD Inputs Channel 2^Value'}
$NAME$ : FB_Ethercat_2AI;]]>
		</Declaration>
	</Device>	
	<Device ProductDescription="EL3403">
		<Declaration>
<![CDATA[{attribute 'TcLinkTo' := '
.nCurrent1 := TIIB($BOXNO$)^PM Inputs Channel 1^Current;
.nVoltage1 := TIIB($BOXNO$)^PM Inputs Channel 1^Voltage;
.nActivePower1 := TIIB($BOXNO$)^PM Inputs Channel 1^Active power;
.nCurrent2 := TIIB($BOXNO$)^PM Inputs Channel 2^Current;
.nVoltage2 := TIIB($BOXNO$)^PM Inputs Channel 2^Voltage;
.nActivePower2 := TIIB($BOXNO$)^PM Inputs Channel 2^Active power;
.nCurrent3 := TIIB($BOXNO$)^PM Inputs Channel 3^Current;
.nVoltage3 := TIIB($BOXNO$)^PM Inputs Channel 3^Voltage;
.nActivePower3 := TIIB($BOXNO$)^PM Inputs Channel 3^Active power;'}
$NAME$ : FB_EL3403;]]>
		</Declaration>
	</Device>	
	<Device ProductDescription="EL4004">
		<Mapping>
<![CDATA[
//$NAME$ [$TYPE$]
	nDummy	:= $GVLINSTANCE$.nAnalogOut1;	//
	nDummy	:= $GVLINSTANCE$.nAnalogOut2;	//
	nDummy	:= $GVLINSTANCE$.nAnalogOut3;	//
	nDummy	:= $GVLINSTANCE$.nAnalogOut4;	//	
]]>		
		</Mapping>
		<Declaration>
<![CDATA[{attribute 'TcLinkTo' := '
.nAnalogOut1 := TIIB($BOXNO$)^AO Outputs Channel 1^Analog output;
.nAnalogOut2 := TIIB($BOXNO$)^AO Outputs Channel 2^Analog output;
.nAnalogOut3 := TIIB($BOXNO$)^AO Outputs Channel 3^Analog output;
.nAnalogOut4 := TIIB($BOXNO$)^AO Outputs Channel 4^Analog output'}
$NAME$ : ST_Ethercat_4AO;]]>
		</Declaration>
	</Device>
	<Device ProductDescription="EL4034">
		<Mapping>
<![CDATA[
//$NAME$ [$TYPE$]
	nDummy	:= $GVLINSTANCE$.nAnalogOut1;	//
	nDummy	:= $GVLINSTANCE$.nAnalogOut2;	//
	nDummy	:= $GVLINSTANCE$.nAnalogOut3;	//
	nDummy	:= $GVLINSTANCE$.nAnalogOut4;	//	
]]>		
		</Mapping>
		<Declaration>
<![CDATA[{attribute 'TcLinkTo' := '
.nAnalogOut1 := TIIB($BOXNO$)^AO Outputs Channel 1^Analog output;
.nAnalogOut2 := TIIB($BOXNO$)^AO Outputs Channel 2^Analog output;
.nAnalogOut3 := TIIB($BOXNO$)^AO Outputs Channel 3^Analog output;
.nAnalogOut4 := TIIB($BOXNO$)^AO Outputs Channel 4^Analog output'}
$NAME$ : ST_Ethercat_4AO;]]>
		</Declaration>
	</Device>
	<Device ProductDescription="EL5002">
		<Mapping>
<![CDATA[
//$NAME$ [$TYPE$]
	$GVLINSTANCE$.nValue1	:= 0;	//
	$GVLINSTANCE$.nValue2	:= 0;	//
]]>		
		</Mapping>
		<Declaration>
<![CDATA[{attribute 'TcLinkTo' := '
.nStatus1 := TIIB($BOXNO$)^SSI Inputs Channel 1^Status;
.nCounter1 := TIIB($BOXNO$)^SSI Inputs Channel 1^Counter value;
.nStatus2 := TIIB($BOXNO$)^SSI Inputs Channel 2^Status;
.nCounter2 := TIIB($BOXNO$)^SSI Inputs Channel 2^Counter value'}
$NAME$ : FB_EL5002;]]>
		</Declaration>
	</Device>
	<Device ProductDescription="EL5152">
		<Mapping>
<![CDATA[
//$NAME$ [$TYPE$]
	$GVLINSTANCE$.nValue1	:= 0;	//
	$GVLINSTANCE$.nValue2	:= 0;	//
]]>		
		</Mapping>
		<Declaration>
<![CDATA[{attribute 'TcLinkTo' := '
.nControl1 := TIIB($BOXNO$)^ENC Control compact Channel 1^Control;
.nSetCounter1 := TIIB($BOXNO$)^ENC Control compact Channel 1^Set counter value;
.nControl2 := TIIB($BOXNO$)^ENC Control compact Channel 2^Control;
.nSetCounter2 := TIIB($BOXNO$)^ENC Control compact Channel 2^Set counter value;
.nStatus1 := TIIB($BOXNO$)^ENC Status compact Channel 1^Status;
.nCounter1 := TIIB($BOXNO$)^ENC Status compact Channel 1^Counter value;
.nPeriod1 := TIIB($BOXNO$)^ENC Period Channel 1^Period value;
.nStatus2 := TIIB($BOXNO$)^ENC Status compact Channel 2^Status;
.nCounter2 := TIIB($BOXNO$)^ENC Status compact Channel 2^Counter value;
.nPeriod2 := TIIB($BOXNO$)^ENC Period Channel 2^Period value'}
$NAME$ : FB_EL5152;]]>
		</Declaration>
	</Device>
	<Device ProductDescription="EL6001">
		<Declaration>
<![CDATA[{attribute 'TcLinkTo' := '
.nControl := TIIB($BOXNO$)^COM Outputs^Ctrl;
.nDataOut[0] := TIIB($BOXNO$)^COM Outputs^Data Out 0;
.nDataOut[1] := TIIB($BOXNO$)^COM Outputs^Data Out 1;
.nDataOut[2] := TIIB($BOXNO$)^COM Outputs^Data Out 2;
.nDataOut[3] := TIIB($BOXNO$)^COM Outputs^Data Out 3;
.nDataOut[4] := TIIB($BOXNO$)^COM Outputs^Data Out 4;
.nDataOut[5] := TIIB($BOXNO$)^COM Outputs^Data Out 5;
.nDataOut[6] := TIIB($BOXNO$)^COM Outputs^Data Out 6;
.nDataOut[7] := TIIB($BOXNO$)^COM Outputs^Data Out 7;
.nDataOut[8] := TIIB($BOXNO$)^COM Outputs^Data Out 8;
.nDataOut[9] := TIIB($BOXNO$)^COM Outputs^Data Out 9;
.nDataOut[10] := TIIB($BOXNO$)^COM Outputs^Data Out 10;
.nDataOut[11] := TIIB($BOXNO$)^COM Outputs^Data Out 11;
.nDataOut[12] := TIIB($BOXNO$)^COM Outputs^Data Out 12;
.nDataOut[13] := TIIB($BOXNO$)^COM Outputs^Data Out 13;
.nDataOut[14] := TIIB($BOXNO$)^COM Outputs^Data Out 14;
.nDataOut[15] := TIIB($BOXNO$)^COM Outputs^Data Out 15;
.nDataOut[16] := TIIB($BOXNO$)^COM Outputs^Data Out 16;
.nDataOut[17] := TIIB($BOXNO$)^COM Outputs^Data Out 17;
.nDataOut[18] := TIIB($BOXNO$)^COM Outputs^Data Out 18;
.nDataOut[19] := TIIB($BOXNO$)^COM Outputs^Data Out 19;
.nDataOut[20] := TIIB($BOXNO$)^COM Outputs^Data Out 20;
.nDataOut[21] := TIIB($BOXNO$)^COM Outputs^Data Out 21;
.nStatus := TIIB($BOXNO$)^COM Inputs^Status;
.nDataIn[0] := TIIB($BOXNO$)^COM Inputs^Data In 0;
.nDataIn[1] := TIIB($BOXNO$)^COM Inputs^Data In 1;
.nDataIn[2] := TIIB($BOXNO$)^COM Inputs^Data In 2;
.nDataIn[3] := TIIB($BOXNO$)^COM Inputs^Data In 3;
.nDataIn[4] := TIIB($BOXNO$)^COM Inputs^Data In 4;
.nDataIn[5] := TIIB($BOXNO$)^COM Inputs^Data In 5;
.nDataIn[6] := TIIB($BOXNO$)^COM Inputs^Data In 6;
.nDataIn[7] := TIIB($BOXNO$)^COM Inputs^Data In 7;
.nDataIn[8] := TIIB($BOXNO$)^COM Inputs^Data In 8;
.nDataIn[9] := TIIB($BOXNO$)^COM Inputs^Data In 9;
.nDataIn[10] := TIIB($BOXNO$)^COM Inputs^Data In 10;
.nDataIn[11] := TIIB($BOXNO$)^COM Inputs^Data In 11;
.nDataIn[12] := TIIB($BOXNO$)^COM Inputs^Data In 12;
.nDataIn[13] := TIIB($BOXNO$)^COM Inputs^Data In 13;
.nDataIn[14] := TIIB($BOXNO$)^COM Inputs^Data In 14;
.nDataIn[15] := TIIB($BOXNO$)^COM Inputs^Data In 15;
.nDataIn[16] := TIIB($BOXNO$)^COM Inputs^Data In 16;
.nDataIn[17] := TIIB($BOXNO$)^COM Inputs^Data In 17;
.nDataIn[18] := TIIB($BOXNO$)^COM Inputs^Data In 18;
.nDataIn[19] := TIIB($BOXNO$)^COM Inputs^Data In 19;
.nDataIn[20] := TIIB($BOXNO$)^COM Inputs^Data In 20;
.nDataIn[21] := TIIB($BOXNO$)^COM Inputs^Data In 21'}
$NAME$ : FB_EL6001;]]>
		</Declaration>
	</Device>	
	<Device ProductDescription="EL9110">
		<Declaration>
<![CDATA[{attribute 'TcLinkTo' := '.bPowerOk := TIIB($BOXNO$)^PowerOK^Input'}
$NAME$ : ST_EL9110;]]>
		</Declaration>
	</Device>	
	<Device ProductDescription="EL9410">
		<Declaration>
<![CDATA[{attribute 'TcLinkTo' := '
.bUsUndervoltage := TIIB($BOXNO$)^Status Us^Undervoltage;
.bUpUndervoltage := TIIB($BOXNO$)^Status Up^Undervoltage'}
$NAME$ : ST_EL9410;]]>
		</Declaration>
	</Device>	
	<Device ProductDescription="EP1008-0002">
		<Mapping>
<![CDATA[
//$NAME$ [$TYPE$]
	$GVLINSTANCE$.bIn1	:= FALSE;	//
	$GVLINSTANCE$.bIn2	:= FALSE;	//
	$GVLINSTANCE$.bIn3	:= FALSE;	//
	$GVLINSTANCE$.bIn4	:= FALSE;	//
	$GVLINSTANCE$.bIn5	:= FALSE;	//
	$GVLINSTANCE$.bIn6	:= FALSE;	//
	$GVLINSTANCE$.bIn7	:= FALSE;	//
	$GVLINSTANCE$.bIn8	:= FALSE;	//	
]]>		
		</Mapping>
		<Declaration>
<![CDATA[{attribute 'TcLinkTo' := '
.bIn1 := TIIB($BOXNO$)^Channel 1^Input;
.bIn2 := TIIB($BOXNO$)^Channel 2^Input;
.bIn3 := TIIB($BOXNO$)^Channel 3^Input;
.bIn4 := TIIB($BOXNO$)^Channel 4^Input;
.bIn5 := TIIB($BOXNO$)^Channel 5^Input;
.bIn6 := TIIB($BOXNO$)^Channel 6^Input;
.bIn7 := TIIB($BOXNO$)^Channel 7^Input;
.bIn8 := TIIB($BOXNO$)^Channel 8^Input'}
$NAME$ : ST_Ethercat_8DI;]]>
		</Declaration>
	</Device>	
	<Device ProductDescription="EP2338-0002">
		<Mapping>
<![CDATA[
//$NAME$ [$TYPE$]
	$GVLINSTANCE$.bIn1	:= FALSE;	//
	$GVLINSTANCE$.bIn2	:= FALSE;	//
	$GVLINSTANCE$.bIn3	:= FALSE;	//
	$GVLINSTANCE$.bIn4	:= FALSE;	//
	$GVLINSTANCE$.bIn5	:= FALSE;	//
	$GVLINSTANCE$.bIn6	:= FALSE;	//
	$GVLINSTANCE$.bIn7	:= FALSE;	//
	$GVLINSTANCE$.bIn8	:= FALSE;	//
	bDummy	:= $GVLINSTANCE$.bOut1;	//
	bDummy	:= $GVLINSTANCE$.bOut2;	//
	bDummy	:= $GVLINSTANCE$.bOut3;	//
	bDummy	:= $GVLINSTANCE$.bOut4;	//
	bDummy	:= $GVLINSTANCE$.bOut5;	//
	bDummy	:= $GVLINSTANCE$.bOut6;	//
	bDummy	:= $GVLINSTANCE$.bOut7;	//
	bDummy	:= $GVLINSTANCE$.bOut8;	//	
]]>		
		</Mapping>
		<Declaration>
<![CDATA[{attribute 'TcLinkTo' := '
.bIn1 := TIIB($BOXNO$)^Channel 1^Input;
.bIn2 := TIIB($BOXNO$)^Channel 2^Input;
.bIn3 := TIIB($BOXNO$)^Channel 3^Input;
.bIn4 := TIIB($BOXNO$)^Channel 4^Input;
.bIn5 := TIIB($BOXNO$)^Channel 5^Input;
.bIn6 := TIIB($BOXNO$)^Channel 6^Input;
.bIn7 := TIIB($BOXNO$)^Channel 7^Input;
.bIn8 := TIIB($BOXNO$)^Channel 8^Input;
.bOut1 := TIIB($BOXNO$)^Channel 9^Output;
.bOut2 := TIIB($BOXNO$)^Channel 10^Output;
.bOut3 := TIIB($BOXNO$)^Channel 11^Output;
.bOut4 := TIIB($BOXNO$)^Channel 12^Output;
.bOut5 := TIIB($BOXNO$)^Channel 13^Output;
.bOut6 := TIIB($BOXNO$)^Channel 14^Output;
.bOut7 := TIIB($BOXNO$)^Channel 15^Output;
.bOut8 := TIIB($BOXNO$)^Channel 16^Output'}
$NAME$ : ST_Ethercat_8DI_8DO;]]>
		</Declaration>
	</Device>	
	<Device ProductDescription="EP3174-0002">
		<Mapping>
<![CDATA[
//$NAME$ [$TYPE$]
	$GVLINSTANCE$.nAnalogIn1	:= 0;	//
	$GVLINSTANCE$.nAnalogIn2	:= 0;	//
	$GVLINSTANCE$.nAnalogIn3	:= 0;	//
	$GVLINSTANCE$.nAnalogIn4	:= 0;	//	
]]>		
		</Mapping>
		<Declaration>
<![CDATA[{attribute 'TcLinkTo' := '
.nStatus1 := TIIB($BOXNO$)^AI Standard Channel 1^Status;
.nValue1 := TIIB($BOXNO$)^AI Standard Channel 1^Value;
.nStatus2 := TIIB($BOXNO$)^AI Standard Channel 2^Status;
.nValue2 := TIIB($BOXNO$)^AI Standard Channel 2^Value;
.nStatus3 := TIIB($BOXNO$)^AI Standard Channel 3^Status;
.nValue3 := TIIB($BOXNO$)^AI Standard Channel 3^Value;
.nStatus4 := TIIB($BOXNO$)^AI Standard Channel 4^Status;
.nValue4 := TIIB($BOXNO$)^AI Standard Channel 4^Value'}
$NAME$ : FB_Ethercat_4AI;]]>
		</Declaration>
	</Device>
	<Device ProductDescription="EL1809">
		<Mapping>
<![CDATA[
//$NAME$ [$TYPE$]
	$GVLINSTANCE$.bIn1	:= FALSE;	//
	$GVLINSTANCE$.bIn2	:= FALSE;	//
	$GVLINSTANCE$.bIn3	:= FALSE;	//
	$GVLINSTANCE$.bIn4	:= FALSE;	//
	$GVLINSTANCE$.bIn5	:= FALSE;	//
	$GVLINSTANCE$.bIn6	:= FALSE;	//
	$GVLINSTANCE$.bIn7	:= FALSE;	//
	$GVLINSTANCE$.bIn8	:= FALSE;	//
	$GVLINSTANCE$.bIn9	:= FALSE;	//
	$GVLINSTANCE$.bIn10	:= FALSE;	//
	$GVLINSTANCE$.bIn11	:= FALSE;	//
	$GVLINSTANCE$.bIn12	:= FALSE;	//
	$GVLINSTANCE$.bIn13	:= FALSE;	//
	$GVLINSTANCE$.bIn14	:= FALSE;	//
	$GVLINSTANCE$.bIn15	:= FALSE;	//
	$GVLINSTANCE$.bIn16	:= FALSE;	//		
]]>		
		</Mapping>
		<Declaration>
<![CDATA[{attribute 'TcLinkTo' := '
.bIn1 := TIIB($BOXNO$)^Channel 1^Input;
.bIn2 := TIIB($BOXNO$)^Channel 2^Input;
.bIn3 := TIIB($BOXNO$)^Channel 3^Input;
.bIn4 := TIIB($BOXNO$)^Channel 4^Input;
.bIn5 := TIIB($BOXNO$)^Channel 5^Input;
.bIn6 := TIIB($BOXNO$)^Channel 6^Input;
.bIn7 := TIIB($BOXNO$)^Channel 7^Input;
.bIn8 := TIIB($BOXNO$)^Channel 8^Input;
.bIn9 := TIIB($BOXNO$)^Channel 9^Input;
.bIn10 := TIIB($BOXNO$)^Channel 10^Input;
.bIn11 := TIIB($BOXNO$)^Channel 11^Input;
.bIn12 := TIIB($BOXNO$)^Channel 12^Input;
.bIn13 := TIIB($BOXNO$)^Channel 13^Input;
.bIn14 := TIIB($BOXNO$)^Channel 14^Input;
.bIn15 := TIIB($BOXNO$)^Channel 15^Input;
.bIn16 := TIIB($BOXNO$)^Channel 16^Input'}
$NAME$ : ST_Ethercat_16DI;]]>
		</Declaration>
	</Device>
	<Device ProductDescription="EL2809">
		<Mapping>
<![CDATA[
//$NAME$ [$TYPE$]
	bDummy	:= $GVLINSTANCE$.bOut1;	//
	bDummy	:= $GVLINSTANCE$.bOut2;	//
	bDummy	:= $GVLINSTANCE$.bOut3;	//
	bDummy	:= $GVLINSTANCE$.bOut4;	//
	bDummy	:= $GVLINSTANCE$.bOut5;	//
	bDummy	:= $GVLINSTANCE$.bOut6;	//
	bDummy	:= $GVLINSTANCE$.bOut7;	//
	bDummy	:= $GVLINSTANCE$.bOut8;	//
	bDummy	:= $GVLINSTANCE$.bOut9;	//
	bDummy	:= $GVLINSTANCE$.bOut10;	//
	bDummy	:= $GVLINSTANCE$.bOut11;	//
	bDummy	:= $GVLINSTANCE$.bOut12;	//
	bDummy	:= $GVLINSTANCE$.bOut13;	//
	bDummy	:= $GVLINSTANCE$.bOut14;	//
	bDummy	:= $GVLINSTANCE$.bOut15;	//
	bDummy	:= $GVLINSTANCE$.bOut16;	//		
]]>		
		</Mapping>
		<Declaration>
<![CDATA[{attribute 'TcLinkTo' := '
.bOut1 := TIIB($BOXNO$)^Channel 1^Output;
.bOut2 := TIIB($BOXNO$)^Channel 2^Output;
.bOut3 := TIIB($BOXNO$)^Channel 3^Output;
.bOut4 := TIIB($BOXNO$)^Channel 4^Output;
.bOut5 := TIIB($BOXNO$)^Channel 5^Output;
.bOut6 := TIIB($BOXNO$)^Channel 6^Output;
.bOut7 := TIIB($BOXNO$)^Channel 7^Output;
.bOut8 := TIIB($BOXNO$)^Channel 8^Output;
.bOut9 := TIIB($BOXNO$)^Channel 9^Output;
.bOut10 := TIIB($BOXNO$)^Channel 10^Output;
.bOut11 := TIIB($BOXNO$)^Channel 11^Output;
.bOut12 := TIIB($BOXNO$)^Channel 12^Output;
.bOut13 := TIIB($BOXNO$)^Channel 13^Output;
.bOut14 := TIIB($BOXNO$)^Channel 14^Output;
.bOut15 := TIIB($BOXNO$)^Channel 15^Output;
.bOut16 := TIIB($BOXNO$)^Channel 16^Output'}
$NAME$ : ST_Ethercat_16DO;]]>
		</Declaration>
	</Device>
	<Device ProductDescription="EL6021">
		<Declaration>
<![CDATA[{attribute 'TcLinkTo' := '
.nControl := TIIB($BOXNO$)^COM RxPDO-Map Outputs^Ctrl;
.nDataOut[0] := TIIB($BOXNO$)^COM RxPDO-Map Outputs^Data Out 0;
.nDataOut[1] := TIIB($BOXNO$)^COM RxPDO-Map Outputs^Data Out 1;
.nDataOut[2] := TIIB($BOXNO$)^COM RxPDO-Map Outputs^Data Out 2;
.nDataOut[3] := TIIB($BOXNO$)^COM RxPDO-Map Outputs^Data Out 3;
.nDataOut[4] := TIIB($BOXNO$)^COM RxPDO-Map Outputs^Data Out 4;
.nDataOut[5] := TIIB($BOXNO$)^COM RxPDO-Map Outputs^Data Out 5;
.nDataOut[6] := TIIB($BOXNO$)^COM RxPDO-Map Outputs^Data Out 6;
.nDataOut[7] := TIIB($BOXNO$)^COM RxPDO-Map Outputs^Data Out 7;
.nDataOut[8] := TIIB($BOXNO$)^COM RxPDO-Map Outputs^Data Out 8;
.nDataOut[9] := TIIB($BOXNO$)^COM RxPDO-Map Outputs^Data Out 9;
.nDataOut[10] := TIIB($BOXNO$)^COM RxPDO-Map Outputs^Data Out 10;
.nDataOut[11] := TIIB($BOXNO$)^COM RxPDO-Map Outputs^Data Out 11;
.nDataOut[12] := TIIB($BOXNO$)^COM RxPDO-Map Outputs^Data Out 12;
.nDataOut[13] := TIIB($BOXNO$)^COM RxPDO-Map Outputs^Data Out 13;
.nDataOut[14] := TIIB($BOXNO$)^COM RxPDO-Map Outputs^Data Out 14;
.nDataOut[15] := TIIB($BOXNO$)^COM RxPDO-Map Outputs^Data Out 15;
.nDataOut[16] := TIIB($BOXNO$)^COM RxPDO-Map Outputs^Data Out 16;
.nDataOut[17] := TIIB($BOXNO$)^COM RxPDO-Map Outputs^Data Out 17;
.nDataOut[18] := TIIB($BOXNO$)^COM RxPDO-Map Outputs^Data Out 18;
.nDataOut[19] := TIIB($BOXNO$)^COM RxPDO-Map Outputs^Data Out 19;
.nDataOut[20] := TIIB($BOXNO$)^COM RxPDO-Map Outputs^Data Out 20;
.nDataOut[21] := TIIB($BOXNO$)^COM RxPDO-Map Outputs^Data Out 21;
.nStatus := TIIB($BOXNO$)^COM TxPDO-Map Inputs^Status;
.nDataIn[0] := TIIB($BOXNO$)^COM TxPDO-Map Inputs^Data In 0;
.nDataIn[1] := TIIB($BOXNO$)^COM TxPDO-Map Inputs^Data In 1;
.nDataIn[2] := TIIB($BOXNO$)^COM TxPDO-Map Inputs^Data In 2;
.nDataIn[3] := TIIB($BOXNO$)^COM TxPDO-Map Inputs^Data In 3;
.nDataIn[4] := TIIB($BOXNO$)^COM TxPDO-Map Inputs^Data In 4;
.nDataIn[5] := TIIB($BOXNO$)^COM TxPDO-Map Inputs^Data In 5;
.nDataIn[6] := TIIB($BOXNO$)^COM TxPDO-Map Inputs^Data In 6;
.nDataIn[7] := TIIB($BOXNO$)^COM TxPDO-Map Inputs^Data In 7;
.nDataIn[8] := TIIB($BOXNO$)^COM TxPDO-Map Inputs^Data In 8;
.nDataIn[9] := TIIB($BOXNO$)^COM TxPDO-Map Inputs^Data In 9;
.nDataIn[10] := TIIB($BOXNO$)^COM TxPDO-Map Inputs^Data In 10;
.nDataIn[11] := TIIB($BOXNO$)^COM TxPDO-Map Inputs^Data In 11;
.nDataIn[12] := TIIB($BOXNO$)^COM TxPDO-Map Inputs^Data In 12;
.nDataIn[13] := TIIB($BOXNO$)^COM TxPDO-Map Inputs^Data In 13;
.nDataIn[14] := TIIB($BOXNO$)^COM TxPDO-Map Inputs^Data In 14;
.nDataIn[15] := TIIB($BOXNO$)^COM TxPDO-Map Inputs^Data In 15;
.nDataIn[16] := TIIB($BOXNO$)^COM TxPDO-Map Inputs^Data In 16;
.nDataIn[17] := TIIB($BOXNO$)^COM TxPDO-Map Inputs^Data In 17;
.nDataIn[18] := TIIB($BOXNO$)^COM TxPDO-Map Inputs^Data In 18;
.nDataIn[19] := TIIB($BOXNO$)^COM TxPDO-Map Inputs^Data In 19;
.nDataIn[20] := TIIB($BOXNO$)^COM TxPDO-Map Inputs^Data In 20;
.nDataIn[21] := TIIB($BOXNO$)^COM TxPDO-Map Inputs^Data In 21'}
$NAME$ : FB_EL6001;]]>
		</Declaration>
	</Device>
	<Device ProductDescription="KRC4 secondary EL6695-1001">
		<Declaration>
<![CDATA[{attribute 'TcLinkTo' := '
.RxPDO := TIIB($BOXNO$)^Outputs Bitf^FSOE;
.TxPDO := TIIB($BOXNO$)^Inputs Bitf^FSOE;
.PlcToRob[0] := TIIB($BOXNO$)^Std. Out (128 Bytes)^Output DWORD 0;
.PlcToRob[1] := TIIB($BOXNO$)^Std. Out (128 Bytes)^Output DWORD 1;
.PlcToRob[2] := TIIB($BOXNO$)^Std. Out (128 Bytes)^Output DWORD 2;
.PlcToRob[3] := TIIB($BOXNO$)^Std. Out (128 Bytes)^Output DWORD 3;
.PlcToRob[4] := TIIB($BOXNO$)^Std. Out (128 Bytes)^Output DWORD 4;
.PlcToRob[5] := TIIB($BOXNO$)^Std. Out (128 Bytes)^Output DWORD 5;
.PlcToRob[6] := TIIB($BOXNO$)^Std. Out (128 Bytes)^Output DWORD 6;
.PlcToRob[7] := TIIB($BOXNO$)^Std. Out (128 Bytes)^Output DWORD 7;
.PlcToRob[8] := TIIB($BOXNO$)^Std. Out (128 Bytes)^Output DWORD 8;
.PlcToRob[9] := TIIB($BOXNO$)^Std. Out (128 Bytes)^Output DWORD 9;
.PlcToRob[10] := TIIB($BOXNO$)^Std. Out (128 Bytes)^Output DWORD 10;
.PlcToRob[11] := TIIB($BOXNO$)^Std. Out (128 Bytes)^Output DWORD 11;
.PlcToRob[12] := TIIB($BOXNO$)^Std. Out (128 Bytes)^Output DWORD 12;
.PlcToRob[13] := TIIB($BOXNO$)^Std. Out (128 Bytes)^Output DWORD 13;
.PlcToRob[14] := TIIB($BOXNO$)^Std. Out (128 Bytes)^Output DWORD 14;
.PlcToRob[15] := TIIB($BOXNO$)^Std. Out (128 Bytes)^Output DWORD 15;
.PlcToRob[16] := TIIB($BOXNO$)^Std. Out (128 Bytes)^Output DWORD 16;
.PlcToRob[17] := TIIB($BOXNO$)^Std. Out (128 Bytes)^Output DWORD 17;
.PlcToRob[18] := TIIB($BOXNO$)^Std. Out (128 Bytes)^Output DWORD 18;
.PlcToRob[19] := TIIB($BOXNO$)^Std. Out (128 Bytes)^Output DWORD 19;
.PlcToRob[20] := TIIB($BOXNO$)^Std. Out (128 Bytes)^Output DWORD 20;
.PlcToRob[21] := TIIB($BOXNO$)^Std. Out (128 Bytes)^Output DWORD 21;
.PlcToRob[22] := TIIB($BOXNO$)^Std. Out (128 Bytes)^Output DWORD 22;
.PlcToRob[23] := TIIB($BOXNO$)^Std. Out (128 Bytes)^Output DWORD 23;
.PlcToRob[24] := TIIB($BOXNO$)^Std. Out (128 Bytes)^Output DWORD 24;
.PlcToRob[25] := TIIB($BOXNO$)^Std. Out (128 Bytes)^Output DWORD 25;
.PlcToRob[26] := TIIB($BOXNO$)^Std. Out (128 Bytes)^Output DWORD 26;
.PlcToRob[27] := TIIB($BOXNO$)^Std. Out (128 Bytes)^Output DWORD 27;
.PlcToRob[28] := TIIB($BOXNO$)^Std. Out (128 Bytes)^Output DWORD 28;
.PlcToRob[29] := TIIB($BOXNO$)^Std. Out (128 Bytes)^Output DWORD 29;
.PlcToRob[30] := TIIB($BOXNO$)^Std. Out (128 Bytes)^Output DWORD 30;
.PlcToRob[31] := TIIB($BOXNO$)^Std. Out (128 Bytes)^Output DWORD 31;
.RobToPlc[0] := TIIB($BOXNO$)^Std. In (128 Bytes)^Input DWORD 0;
.RobToPlc[1] := TIIB($BOXNO$)^Std. In (128 Bytes)^Input DWORD 1;
.RobToPlc[2] := TIIB($BOXNO$)^Std. In (128 Bytes)^Input DWORD 2;
.RobToPlc[3] := TIIB($BOXNO$)^Std. In (128 Bytes)^Input DWORD 3;
.RobToPlc[4] := TIIB($BOXNO$)^Std. In (128 Bytes)^Input DWORD 4;
.RobToPlc[5] := TIIB($BOXNO$)^Std. In (128 Bytes)^Input DWORD 5;
.RobToPlc[6] := TIIB($BOXNO$)^Std. In (128 Bytes)^Input DWORD 6;
.RobToPlc[7] := TIIB($BOXNO$)^Std. In (128 Bytes)^Input DWORD 7;
.RobToPlc[8] := TIIB($BOXNO$)^Std. In (128 Bytes)^Input DWORD 8;
.RobToPlc[9] := TIIB($BOXNO$)^Std. In (128 Bytes)^Input DWORD 9;
.RobToPlc[10] := TIIB($BOXNO$)^Std. In (128 Bytes)^Input DWORD 10;
.RobToPlc[11] := TIIB($BOXNO$)^Std. In (128 Bytes)^Input DWORD 11;
.RobToPlc[12] := TIIB($BOXNO$)^Std. In (128 Bytes)^Input DWORD 12;
.RobToPlc[13] := TIIB($BOXNO$)^Std. In (128 Bytes)^Input DWORD 13;
.RobToPlc[14] := TIIB($BOXNO$)^Std. In (128 Bytes)^Input DWORD 14;
.RobToPlc[15] := TIIB($BOXNO$)^Std. In (128 Bytes)^Input DWORD 15;
.RobToPlc[16] := TIIB($BOXNO$)^Std. In (128 Bytes)^Input DWORD 16;
.RobToPlc[17] := TIIB($BOXNO$)^Std. In (128 Bytes)^Input DWORD 17;
.RobToPlc[18] := TIIB($BOXNO$)^Std. In (128 Bytes)^Input DWORD 18;
.RobToPlc[19] := TIIB($BOXNO$)^Std. In (128 Bytes)^Input DWORD 19;
.RobToPlc[20] := TIIB($BOXNO$)^Std. In (128 Bytes)^Input DWORD 20;
.RobToPlc[21] := TIIB($BOXNO$)^Std. In (128 Bytes)^Input DWORD 21;
.RobToPlc[22] := TIIB($BOXNO$)^Std. In (128 Bytes)^Input DWORD 22;
.RobToPlc[23] := TIIB($BOXNO$)^Std. In (128 Bytes)^Input DWORD 23;
.RobToPlc[24] := TIIB($BOXNO$)^Std. In (128 Bytes)^Input DWORD 24;
.RobToPlc[25] := TIIB($BOXNO$)^Std. In (128 Bytes)^Input DWORD 25;
.RobToPlc[26] := TIIB($BOXNO$)^Std. In (128 Bytes)^Input DWORD 26;
.RobToPlc[27] := TIIB($BOXNO$)^Std. In (128 Bytes)^Input DWORD 27;
.RobToPlc[28] := TIIB($BOXNO$)^Std. In (128 Bytes)^Input DWORD 28;
.RobToPlc[29] := TIIB($BOXNO$)^Std. In (128 Bytes)^Input DWORD 29;
.RobToPlc[30] := TIIB($BOXNO$)^Std. In (128 Bytes)^Input DWORD 30;
.RobToPlc[31] := TIIB($BOXNO$)^Std. In (128 Bytes)^Input DWORD 31'}
$NAME$ : FB_Ethercat_KRC4_8_128;]]>
		</Declaration>
	</Device>
	<Device ProductDescription="MOVITRAC">
		<Declaration>
<![CDATA[{attribute 'TcLinkTo' := '
.PI1 := TIIB($BOXNO$)^InputData1 (Standard 3 PI)^PI1;
.PI2 := TIIB($BOXNO$)^InputData1 (Standard 3 PI)^PI2;
.PI3 := TIIB($BOXNO$)^InputData1 (Standard 3 PI)^PI3;
.PO1 := TIIB($BOXNO$)^OutputData1  (Standard 3 PO)^PO1;
.PO2 := TIIB($BOXNO$)^OutputData1  (Standard 3 PO)^PO2;
.PO3 := TIIB($BOXNO$)^OutputData1  (Standard 3 PO)^PO3'}
$NAME$ : ST_Ethercat_Movitrac;]]>
		</Declaration>
	</Device>
	<Device ProductDescription="BAUMER EtherCAT">
		<Declaration>
<![CDATA[{attribute 'TcLinkTo' := '
.nPosition := TIIB($BOXNO$)^Inputs^Position;
.nWarnings := TIIB($BOXNO$)^Inputs^Warnings;
.nSystemTime := TIIB($BOXNO$)^Inputs^System Time'}
$NAME$ : ST_BaumerEncoder;]]>
		</Declaration>
	</Device>
	<Device ProductDescription="ATV32 EtherCAT">
		<Declaration>
<![CDATA[{attribute 'TcLinkTo' := '
.nControlWord := TIIB($BOXNO$)^Outputs^Control word;
.nTargetVelocity := TIIB($BOXNO$)^Outputs^Target Velocity;
.nStatusWord := TIIB($BOXNO$)^Inputs^Status word;
.nActualVelocity := TIIB($BOXNO$)^Inputs^Control Effort'}
$NAME$ : ST_Altivar32;]]>
		</Declaration>
	</Device>
	<Device ProductDescription="LXM32M EtherCAT">
		<Declaration>
<![CDATA[{attribute 'TcLinkTo' := '
.nControlWord := TIIB($BOXNO$)^Outputs^Control word;
.nTargetPosition := TIIB($BOXNO$)^Outputs^Target position;
.nIO_DQ_set := TIIB($BOXNO$)^Outputs^IO_DQ_set;
.nStatusWord := TIIB($BOXNO$)^Inputs^Status word;
.nActualPosition := TIIB($BOXNO$)^Inputs^Position actual value;
.nIO_act := TIIB($BOXNO$)^Inputs^_IO_act'}
$NAME$ : ST_Lexium32;]]>
		</Declaration>
	</Device>	
	<Device ProductDescription="SIM2007D EtherCAT Drive">
		<Declaration>
<![CDATA[{attribute 'TcLinkTo' := '
.nControlWord := TIIB($BOXNO$)^Outputs^Control Word;
.nTargetValue := TIIB($BOXNO$)^Outputs^Target Position;
.nStatusWord := TIIB($BOXNO$)^Inputs^Status Word;
.nActualValue := TIIB($BOXNO$)^Inputs^Position Actual Value'}
$NAME$ : ST_CoE402;]]>
		</Declaration>
	</Device>
	<Device ProductDescription="GFX4">
		<Declaration>
<![CDATA[{attribute 'TcLinkTo' := '
.nProcessVariable1 := TIIB($BOXNO$)^Zone 1 Input^Process variable 1;
.nControllerStatus1 := TIIB($BOXNO$)^Zone 1 Input^Controller status 1;
.nOutputPower1 := TIIB($BOXNO$)^Zone 1 Input^Output power 1;
.nLocalSetpoint1 := TIIB($BOXNO$)^Zone 1 Output^Local setpoint 1;
.nProcessVariable2 := TIIB($BOXNO$)^Zone 2 Input^Process variable 2;
.nControllerStatus2 := TIIB($BOXNO$)^Zone 2 Input^Controller status 2;
.nOutputPower2 := TIIB($BOXNO$)^Zone 2 Input^Output power 2;
.nLocalSetpoint2 := TIIB($BOXNO$)^Zone 2 Output^Local setpoint 2;
.nProcessVariable3 := TIIB($BOXNO$)^Zone 3 Input^Process variable 3;
.nControllerStatus3 := TIIB($BOXNO$)^Zone 3 Input^Controller status 3;
.nOutputPower3 := TIIB($BOXNO$)^Zone 3 Input^Output power 3;
.nLocalSetpoint3 := TIIB($BOXNO$)^Zone 3 Output^Local setpoint 3;
.nProcessVariable4 := TIIB($BOXNO$)^Zone 4 Input^Process variable 4;
.nControllerStatus4 := TIIB($BOXNO$)^Zone 4 Input^Controller status 4;
.nOutputPower4 := TIIB($BOXNO$)^Zone 4 Input^Output power 4;
.nLocalSetpoint4 := TIIB($BOXNO$)^Zone 4 Output^Local setpoint 4'}
$NAME$ : ST_Ethercat_GFX4;]]>
		</Declaration>
	</Device>
</Ethercat>